ID,OPPORTUNITYID,UNITPRICE,QUANTITY,TOTALPRICE,PRODUCT
00k4x00000nUmiIAAS,0064x00000AUw4XAAT,9900,1,9900,Customer Support
00k4x00000nUmkvAAC,0064x00000DTXuBAAX,7920,1,7920,Customer Support
00k4x00000nUmlZAAS,0064x00000DVHohAAH,3600,1,3600,Customer Support
00k4x00000nUmpDAAS,0064x00000DTRmIAAX,900,1,900,Customer Support
00k4x00000nVOrXAAW,0064x00000C3AyeAAF,5500,1,5500,Pilot
00k4x00000nVP5KAAW,0064x00000DUAaXAAX,16020,1,16020,Customer Support
00k4x00000nVPaoAAG,0064x00000CY4lSAAT,0,1,0,Customer Support
00k4x00000nVQ5zAAG,0064x00000Dsu0WAAR,15349.99561644,1,15349.99561644,Pilot
00k4x00000nVQ7OAAW,0064x00000DAJd5AAH,0,1,0,Pilot
00k4x00000nVTT9AAO,0064x00000DsecYAAR,5940,1,5940,Customer Support
00k4x00000nyERiAAM,0064x00000EGb4mAAD,0,1,0,Customer Support
00k4x00000nyalTAAQ,0064x00000Dv7S5AAJ,21420,1,21420,Customer Support
00k4x00000nycgPAAQ,0064x00000Et1qaAAB,4950,1,4950,Customer Support
00k4x00000nyfIcAAI,0064x00000EJiPNAA1,16666,1,16666,Customer Support
00k4x00000nyk7vAAA,0064x00000D907rAAB,0,1,0,Customer Support
00k4x00000nyn4QAAQ,0064x000007Ki2XAAS,13777.2,1,13777.2,Customer Support
00k4x00000nypRgAAI,0064x00000FkqdUAAR,3600,1,3600,Customer Support
00k4x00000oKjlUAAS,0064x00000CVLsMAAX,15349.99561644,1,15349.99561644,Pilot
00k4x00000oKsr3AAC,0064x00000DAPBqAAP,0,1,0,Customer Support
00k4x00000oKvqSAAS,0064x00000D7BrDAAV,3600,1,3600,Customer Support
00k4x00000oKw65AAC,0064x00000CZ5luAAD,12420,1,12420,Customer Support
00k4x00000oKw6FAAS,0064x00000CZ5luAAD,6900,1,6900,Pilot
00k4x00000oKxnWAAS,0064x00000DUofdAAD,0,1,0,Customer Support
00k4x00000oL8K8AAK,0064x00000Dqz0bAAB,9720,1,9720,Customer Support
00k4x00000oLB6GAAW,0064x00000EHDr5AAH,3600,1,3600,Customer Support
00k4x00000oLdKWAA0,0064x00000DuDbRAAV,0,1,0,Customer Support
00k4x00000oLfF0AAK,0064x00000CnlhGAAR,9900,1,9900,Customer Support
00k4x00000oLj0yAAC,0064x00000CnjsCAAR,7920,1,7920,Customer Support
00k4x00000oLj6RAAS,0064x00000DUocjAAD,9720,1,9720,Customer Support
00k4x00000oN4tjAAC,0064x00000DreIVAAZ,7920,1,7920,Customer Support
00k4x00000oNI3nAAG,0064x00000EK75uAAD,3600,1,3600,Customer Support
00k4x00000oNUm0AAG,0064x00000EsVunAAF,0,1,0,Customer Support
00k4x00000oNlWqAAK,0064x00000EJLCBAA5,3600,1,3600,Customer Support
00k4x00000oNoWLAA0,0064x00000EJprEAAT,17514,1,17514,Customer Support
00k4x00000obp8fAAA,0064x00000EGP2HAAX,0,1,0,Customer Support
00k4x00000ocaS3AAI,0064x000009mMuYAAU,12600,1,12600,Customer Support
00k4x00000ocbvjAAA,0064x00000Euxu1AAB,7200,1,7200,Customer Support
00k4x00000ocqcwAAA,0064x00000EvXiKAAV,0,1,0,Customer Support
00k4x00000ocwXeAAI,0064x00000EvY3VAAV,0,1,0,Customer Support
00k4x00000odBKbAAM,0064x00000Eu4gUAAR,27900,1,27900,Customer Support
00k4x00000odW2gAAE,0064x000009kdyZAAQ,12600,1,12600,Customer Support
00k4x00000odpRfAAI,0064x000007JTCxAAO,34200,1,34200,Customer Support
00k4x00000oe3RqAAI,0064x00000Fmc3jAAB,0,1,0,Customer Support
00k4x00000oebwsAAA,0064x00000Fn6q4AAB,0,1,0,Customer Support
00k4x00000oe3XSAAY,0064x00000FmIO3AAN,0,1,0,Customer Support
00k4x00000pLtRkAAK,0064x00000DrReNAAV,3600,1,3600,Customer Support
00k4x00000rB67AAAS,0064x00000GRdTdAAL,0,1,0,Customer Support
00k4x00000sK7FUAA0,0064x00000DuAeNAAV,5940,1,5940,Customer Support
00k4x00000sK7HfAAK,0064x00000DSD2yAAH,16020,1,16020,Customer Support
00k4x00000tdpPLAAY,0064x00000Ed7OwAAJ,0,1,0,Customer Support
00k4x00000v3izzAAA,0064x00000GSw9CAAT,0,1,0,Customer Support
00k4x00000w87k2AAA,0064x00000GSCJlAAP,0,1,0,Customer Support
00k4x00000w8StiAAE,0064x00000DVGFVAA5,5940,1,5940,Customer Support
00k4x00000w8SuHAAU,0064x00000EdbpMAAR,3600,1,3600,Customer Support
00k4x00000yWWlYAAW,0064x00000AENEBAA5,0,1,0,Customer Support
00k4x000010iNLaAAM,0064x00000GU2RVAA1,2000.12,1,2000.12,Pilot
00k4x000010kDCYAA2,0064x00000Ef795AAB,0,1,0,Customer Support
00k4x000013xJWgAAM,0064x00000GRsG6AAL,5000,1,5000,Pilot
00k4x000013xW4pAAE,0064x00000GTzN3AAL,2000,1,2000,Pilot
00k4x0000140WkHAAU,0064x00000AEsBAAA1,5400,1,5400,Customer Support
00k4x00001554cUAAQ,0064x00000AUT2nAAH,6120,1,6120,Customer Support
00k4x00001555SAAAY,0064x00000Etj2FAAR,3600,1,3600,Customer Support
00k4x0000156LHeAAM,0064x000009ka5WAAQ,0,1,0,Customer Support
00k4x0000156O6VAAU,0064x00000I3OgfAAF,0,1,0,Customer Support
00k4x000015dtMmAAI,0064x00000AUgV0AAL,9000,1,9000,Customer Support
00k4x000015dtMwAAI,0064x00000DUZ0yAAH,9000,1,9000,Customer Support
00k4x000015dtNCAAY,0064x00000LpBkPAAV,9000,1,9000,Customer Support
00k4x000015dzSAAAY,0064x00000CpwQCAAZ,10800,1,10800,Customer Support
00k4x000015e02DAAQ,0064x00000Es7QHAAZ,7920,1,7920,Customer Support
00k4x00001681iAAAQ,0064x00000AtURlAAN,0,1,0,Customer Support
00k4x00001682nYAAQ,0064x00000AsVR4AAN,0,1,0,Customer Support
00k4x00001687OIAAY,0064x00000AUyI7AAL,5940,1,5940,Customer Support
00k4x0000168AvlAAE,0064x00000Cmep0AAB,27000.0029589,1,27000.0029589,Customer Support
00k4x0000168TgFAAU,0064x00000AV0tqAAD,0,1,0,Customer Support
00k4x0000168hyAAAQ,0064x000007K5CuAAK,0,1,0,Customer Support
00k4x0000168jvGAAQ,0064x00000ACNycAAH,0,1,0,Customer Support
00k4x0000168pvEAAQ,0064x00000C4ye1AAB,0,1,0,Customer Support
00k4x0000168yuyAAA,0064x00000C41POAAZ,17100,1,17100,Customer Support
00k4x00001698J3AAI,0064x00000C4OVjAAN,0,1,0,Customer Support
00k4x0000169FIFAA2,0064x00000JMXyVAAX,11666,1,11666,Customer Support
00k4x0000169FILAA2,0064x00000JMXz4AAH,11666,1,11666,Customer Support
00k4x0000169H5OAAU,0064x00000C52oYAAR,7200,1,7200,Customer Support
00k4x0000169N15AAE,0064x000009PT9mAAG,0,1,0,Customer Support
00k4x0000169aqSAAQ,0064x00000FmjTcAAJ,70000,1,70000,Data Science
00k4x0000169N1AAAU,0064x000009PT9mAAG,0,1,0,Data Science
00k4x0000169eQqAAI,0064x00000FkcqhAAB,0,1,0,Customer Support
00k4x0000169figAAA,0064x00000JNZ3YAAX,0,1,0,Customer Support
00k4x0000169h8DAAQ,0064x00000C4grzAAB,0,1,0,Customer Support
00k4x0000169oxBAAQ,0064x00000JO55CAAT,0,1,0,Customer Support
00k4x000016A7CgAAK,0064x00000DAN23AAH,0,1,0,Customer Support
00k4x000016AisqAAC,0064x00000Jwwh6AAB,1500,1,1500,Customer Support
00k4x000016AlzjAAC,0064x00000JMAtaAAH,0,1,0,Customer Support
00k4x000016AuWuAAK,0064x00000C4fbtAAB,0,1,0,Customer Support
00k4x000016AxkAAAS,0064x000002C0JEAA0,0,1,0,Customer Support
00k4x000016DMknAAG,0064x00000C46DzAAJ,0,1,0,Customer Support
00k4x000016DynyAAC,0064x00000D7APNAA3,0,1,0,Customer Support
00k4x000016Eha6AAC,0064x00000C3R9BAAV,0,1,0,Customer Support
00k4x000016E75QAAS,0064x00000DTwspAAD,9900,1,9900,Customer Support
00k4x000016FA8mAAG,0064x00000DTrxEAAT,9000,1,9000,Customer Support
00k4x000016FHcVAAW,0064x00000L2sjeAAB,0,1,0,Pilot
00k4x000016FHyZAAW,0064x00000CVRLyAAP,8400,1,8400,Customer Support
00k4x000016FJzEAAW,0064x00000L2IHdAAN,5000,1,5000,Pilot
00k4x000016FjA7AAK,0064x00000KCktTAAT,5940,1,5940,Customer Support
00k4x000016FehdAAC,0064x00000D7UL6AAN,8000,1,8000,Customer Support
00k4x000016FjkXAAS,0064x00000CnNpsAAF,0,1,0,Customer Support
00k4x000016flUGAAY,0064x00000C3BByAAN,0,1,0,Customer Support
00k4x000016y5q5AAA,0064x00000MObBiAAL,0,1,0,Customer Support
00k4x000016y5tRAAQ,0064x00000I6ukMAAR,27000,1,27000,Customer Support
00k4x000016yEvCAAU,0064x00000MPBU1AAP,0,1,0,Pilot
00k4x000016yJWoAAM,0064x00000DrScmAAF,25020,1,25020,Customer Support
00k4x000016yJacAAE,0064x00000ErxMqAAJ,0,1,0,Customer Support
00k4x000016yKaFAAU,0064x000008om9LAAQ,103000,1,103000,Customer Support
00k4x000016yXEiAAM,0064x00000EIHUCAA5,21420,1,21420,Customer Support
00k4x000016yg7uAAA,0064x00000OkmAyAAJ,0,1,0,Pilot
00k4x000016yrMLAAY,0064x00000CXT9TAAX,12450,1,12450,Customer Support
00k4x000016z2JtAAI,0064x00000On3DoAAJ,25830,1,25830,Customer Support
00k4x000016z2K1AAI,0064x00000On7tmAAB,25830,1,25830,Customer Support
00k4x000016z2KjAAI,0064x00000On7rrAAB,25830,1,25830,Customer Support
00k4x000016z6QGAAY,0064x00000Np9B6AAJ,2137.5,1,2137.5,Customer Support
00k4x000016z9B7AAI,0064x00000EvqvvAAB,0,1,0,Customer Support
00k4x000016zBejAAE,0064x00000M9dBpAAJ,0,1,0,Customer Support
00k4x000016zOWmAAM,0064x00000N0UzYAAV,0,1,0,Pilot
00k4x000016zTvJAAU,0064x00000PNWsVAAX,103000,1,103000,Customer Support
00k4x000016zTcDAAU,0064x00000MWwcNAAT,9562.5,1,9562.5,Customer Support
00k4x000016zTvSAAU,0064x00000N2b9yAAB,5175,1,5175,Customer Support
00k4x000016zfEaAAI,0064x00000GSiSYAA1,21420,1,21420,Customer Support
00k4x00001700fxAAA,0064x00000GTNwlAAH,0,1,0,Customer Support
00k4x00001700WdAAI,0064x00000JLMnIAAX,0,1,0,Customer Support
00k4x000017CpwKAAS,0064x00000DTFabAAH,7200,1,7200,Customer Support
00k4x000017DLbtAAG,0064x000009mWEEAA2,4000,1,4000,Customer Support
00k4x000017DOUNAA4,0064x00000CXopiAAD,0,1,0,Customer Support
00k4x000017Df0vAAC,0064x00000DtHtrAAF,4275,1,4275,Customer Support
00k4x000017EMwSAAW,0064x00000DTw1BAAT,0,1,0,Customer Support
00k4x000017EPIlAAO,0064x00000L2yHGAAZ,20000,1,20000,Data Science
00k4x000017EYKHAA4,0064x00000LWm2yAAD,0,1,0,Pilot
00k4x000017EnF8AAK,0064x00000L50czAAB,0,1,0,Customer Support
00k4x000017EpjrAAC,0064x00000LY2kVAAT,10000,1,10000,Pilot
00k4x000017Eq7oAAC,0064x00000LWzTEAA1,0,1,0,Pilot
00k4x000017Eq9PAAS,0064x00000LY3zQAAT,0,1,0,Pilot
00k4x000017EqJeAAK,0064x00000EtfRRAAZ,21420,1,21420,Customer Support
00k4x000017F674AAC,0064x00000LZ59IAAT,0,1,0,Pilot
00k4x000017FaMyAAK,0064x00000I62M7AAJ,0,1,0,Pilot
00k4x000017FexZAAS,0064x00000LYEaeAAH,0,1,0,Customer Support
00k4x000017FkziAAC,0064x00000K9rcCAAR,0,1,0,Pilot
00k4x000017G9u6AAC,0064x00000DSQx5AAH,23250,1,23250,Customer Support
00k4x000017GIYXAA4,0064x00000DrRwgAAF,0,1,0,Customer Support
00k4x000017GKuwAAG,0064x00000ErzMkAAJ,0,1,0,Customer Support
00k4x000017GLWVAA4,0064x00000DS9WcAAL,0,1,0,Customer Support
00k4x000017GQKEAA4,0064x00000DSQx5AAH,0,1,0,Data Science
00k4x000017GTTmAAO,0064x00000LZ87yAAD,0,1,0,Customer Support
00k4x000017GZY1AAO,0064x00000GQrm4AAD,0,1,0,Customer Support
00k4x00001816EtAAI,0064x00000Co5IdAAJ,0,1,0,Customer Support
00k4x0000181Cb9AAE,0064x000007JJ3sAAG,12600,1,12600,Customer Support
00k4x0000181PFpAAM,0064x00000EtEatAAF,4800,1,4800,Customer Support
00k4x0000181VRmAAM,0064x00000EdpDhAAJ,0,1,0,Customer Support
00k4x0000181c3dAAA,0064x00000EvgXRAAZ,0,1,0,Customer Support
00k4x0000181dzVAAQ,0064x00000M9BrsAAF,0,1,0,Pilot
00k4x0000181e4BAAQ,0064x00000EvY1jAAF,0,1,0,Customer Support
00k4x0000181eVtAAI,0064x00000Eu2n4AAB,0,1,0,Data Science
00k4x0000181eAlAAI,0064x00000M9BrsAAF,0,1,0,Customer Support
00k4x0000181eW3AAI,0064x00000Eu2n4AAB,0,1,0,Customer Support
00k4x0000181exdAAA,0064x00000D7feoAAB,0,1,0,Customer Support
00k4x0000181fOdAAI,0064x00000N2GWPAA3,0,1,0,Customer Support
00k4x0000181f2vAAA,0064x00000LYGSmAAP,15000,1,15000,Data Science
00k4x0000181fS4AAI,0064x00000N2Gl0AAF,0,1,0,Customer Support
00k4x0000181hYTAAY,0064x00000Evg9ZAAR,0,1,0,Customer Support
00k4x0000182FGKAA2,0064x00000EvaWUAAZ,0,1,0,Customer Support
00k4x0000181vrkAAA,0064x00000N2pCXAAZ,0,1,0,Pilot
00k4x0000182FshAAE,0064x00000N3SsKAAV,0,1,0,Pilot
00k4x0000182HjYAAU,0064x00000EdElwAAF,0,1,0,Customer Support
00k4x0000182X0aAAE,0064x00000Nb9SxAAJ,0,1,0,Pilot
00k4x0000182L8BAAU,0064x00000EsRzFAAV,2850,1,2850,Customer Support
00k4x0000182YnxAAE,0064x00000GQUyTAAX,0,1,0,Customer Support
00k4x0000182dKMAAY,0064x00000JNiSUAA1,0,1,0,Pilot
00k4x0000182lHoAAI,0064x00000NoNNrAAN,0,1,0,Customer Support
00k4x0000182lJYAAY,0064x00000N2pzfAAB,0,1,0,Customer Support
00k4x0000182lL4AAI,0064x00000EsGWpAAN,0,1,0,Customer Support
00k4x00001831saAAA,0064x00000NpsglAAB,5000,1,5000,Pilot
00k4x00001831tYAAQ,0064x00000NpsnXAAR,2000.01,1,2000.01,Pilot
00k4x0000183AVmAAM,0064x00000LY4k5AAD,27900,1,27900,Customer Support
00k4x000018qtW7AAI,0064x00000JKziPAAT,5940,1,5940,Customer Support
00k4x000018r46nAAA,0064x00000Ed8idAAB,0,2,0,Customer Support
00k4x000018rSYJAA2,0064x00000QMgdrAAD,0,1,0,Pilot
00k4x000018rSZTAA2,0064x00000QKPfuAAH,0,1,0,Pilot
00k4x000018yRFpAAM,0064x00000QAxKsAAL,0,1,0,Pilot
00k4x00000nUmiDAAS,0064x00000AUw4XAAT,66000,1,66000,Platform Enterprise
00k4x00000nUmp8AAC,0064x00000DTRmIAAX,6000,1,6000,Platform Basic
00k4x00000nVPPOAA4,0064x00000CY4lSAAT,94800,1,94800,Platform Enterprise
00k4x00000nyERdAAM,0064x00000EGb4mAAD,12000,1,12000,Platform Basic
00k4x00000nyalOAAQ,0064x00000Dv7S5AAJ,142800,1,142800,Platform Enterprise
00k4x00000nyfIhAAI,0064x00000EJiPNAA1,80000,1,80000,Platform Enterprise
00k4x00000nynpZAAQ,0064x000009OyFhAAK,6000,1,6000,Platform Basic
00k4x00000oKaP7AAK,0064x00000DSbWWAA1,31000,1,31000,Pilot
00k4x00000oKoDoAAK,0064x00000DAPBqAAP,5785,1,5785,Pilot
00k4x00000oKw60AAC,0064x00000CZ5luAAD,82800,1,82800,Platform Enterprise
00k4x00000oKxnRAAS,0064x00000DUofdAAD,48000,1,48000,Platform Enterprise
00k4x00000oLa6HAAS,0064x00000EIzYjAAL,4000,1,4000,Pilot
00k4x00000oLbwJAAS,0064x00000DuAwDAAV,125000,1,125000,Platform Enterprise
00k4x00000oLcjFAAS,0064x00000EIefpAAD,0,1,0,Pilot
00k4x00000oLdKRAA0,0064x00000DuDbRAAV,82800,1,82800,Platform Enterprise
00k4x00000oLfF5AAK,0064x00000CnlhGAAR,60500,1,60500,Platform Enterprise
00k4x00000oMQz7AAG,0064x00000EryLkAAJ,0,1,0,Pilot
00k4x00000oMRGmAAO,0064x00000CYWQOAA5,4400,1,4400,Pilot
00k4x00000oMz9iAAC,0064x00000EJpfNAAT,3500,1,3500,Pilot
00k4x00000obrOIAAY,0064x00000Ev1NsAAJ,0,1,0,Pilot
00k4x00000oNdXrAAK,0064x000009QVCFAA4,96000,1,96000,Platform Enterprise
00k4x00000oc8Z3AAI,0064x000007KddOAAS,114000,1,114000,Platform Enterprise
00k4x00000ocaRyAAI,0064x000009mMuYAAU,84000,1,84000,Platform Enterprise
00k4x00000ocbveAAA,0064x00000Euxu1AAB,48000,1,48000,Platform Enterprise
00k4x00000ocwXjAAI,0064x00000EvY3VAAV,12000,1,12000,Platform Basic
00k4x00000ocxDEAAY,0064x000007JTCxAAO,201780,1,201780,Platform Enterprise
00k4x00000odBKgAAM,0064x00000Eu4gUAAR,186000,1,186000,Platform Enterprise
00k4x00000odW2bAAE,0064x000009kdyZAAQ,126000,1,126000,Platform Enterprise
00k4x00000odkEGAAY,0064x000009kKBSAA2,38000,1,38000,Pilot
00k4x00000odo6hAAA,0064x00000FlttEAAR,4000,1,4000,Pilot
00k4x00000oebwiAAA,0064x00000Fn6q4AAB,12000,1,12000,Platform Basic
00k4x00000oe1KCAAY,0064x00000Eu4gUAAR,15500,1,15500,Pilot
00k4x00000pLtRQAA0,0064x00000EtzgfAAB,2000,1,2000,Pilot
00k4x00000sK7FZAA0,0064x00000DuAeNAAV,0,1,0,Pilot
00k4x00000sKPtdAAG,0064x00000AsOghAAF,50400,1,50400,Platform Enterprise
00k4x00000v3izuAAA,0064x00000GSw9CAAT,10000,1,10000,Platform Basic
00k4x00000v4s1lAAA,0064x00000EumVYAAZ,20000,1,20000,Pilot
00k4x00000w87jxAAA,0064x00000GSCJlAAP,6000,1,6000,Platform Basic
00k4x00000yWWlTAAW,0064x00000AENEBAA5,43500,1,43500,Platform Enterprise
00k4x00000yWXQCAA4,0064x00000Atjt7AAB,6000,1,6000,Platform Basic
00k4x00000yWXQHAA4,0064x00000Atjt7AAB,3500,1,3500,Other
00k4x000010ionPAAQ,0064x00000GTyg8AAD,3300,1,3300,Pilot
00k4x0000140DNjAAM,0064x00000EtNNMAA3,5000,1,5000,Platform Basic
00k4x0000154vAOAAY,0064x000009ROAWAA4,60000,1,60000,Platform Enterprise
00k4x0000155uhfAAA,0064x000009QT2aAAG,72000,1,72000,Platform Enterprise
00k4x0000156FphAAE,0064x00000Ef795AAB,39600,1,39600,Platform Professional
00k4x0000156LHKAA2,0064x000009ka5WAAQ,72000,1,72000,Platform Enterprise
00k4x0000156OzLAAU,0064x00000I4FgVAAV,12000,1,12000,Platform Basic
00k4x0000156UG2AAM,0064x00000I5LULAA3,2000,1,2000,Pilot
00k4x000015dtMnAAI,0064x00000AUgV0AAL,60000,1,60000,Platform Enterprise
00k4x000015dtMxAAI,0064x00000DUZ0yAAH,60000,1,60000,Platform Enterprise
00k4x000015dtNBAAY,0064x00000LpBkPAAV,60000,1,60000,Platform Enterprise
00k4x0000167mWTAAY,0064x00000GSnyzAAD,7500,1,7500,Platform Basic
00k4x00001681i5AAA,0064x00000AtURlAAN,60000,1,60000,Platform Enterprise
00k4x00001682nTAAQ,0064x00000AsVR4AAN,89712,1,89712,Platform Enterprise
00k4x0000168CAAAA2,0064x00000Cmep0AAB,179999.99950685,1,179999.99950685,Platform Enterprise
00k4x0000168TgAAAU,0064x00000AV0tqAAD,66000,1,66000,Platform Enterprise
00k4x0000168fA9AAI,0064x00000Bqfl3AAB,50000,1,50000,Platform Enterprise
00k4x0000168hxvAAA,0064x000007K5CuAAK,239040,1,239040,Platform Enterprise
00k4x0000168hy0AAA,0064x000007K5CuAAK,210240,1,210240,Platform Enterprise
00k4x0000168hy5AAA,0064x000007K5CuAAK,11520,10,115200,Platform Enterprise
00k4x0000168pv9AAA,0064x00000C4ye1AAB,50000,1,50000,Platform Enterprise
00k4x0000169FIGAA2,0064x00000JMXyVAAX,80000,1,80000,Platform Enterprise
00k4x0000168yutAAA,0064x00000C41POAAZ,114000,1,114000,Platform Enterprise
00k4x0000169FIKAA2,0064x00000JMXz4AAH,80000,1,80000,Platform Enterprise
00k4x0000169KZWAA2,0064x00000JKwg9AAD,39600,1,39600,Platform Professional
00k4x0000169KZbAAM,0064x00000JKwg9AAD,3300,1,3300,Pilot
00k4x0000169N10AAE,0064x000009PT9mAAG,52890,1,52890,Platform Enterprise
00k4x0000169OTzAAM,0064x00000I6ZffAAF,0,1,0,Pilot
00k4x0000169eQlAAI,0064x00000FkcqhAAB,66000,1,66000,Platform Enterprise
00k4x0000169hEZAAY,0064x00000EeHgoAAF,0,1,0,Pilot
00k4x0000169t8tAAA,0064x00000DVvGWAA1,15000,1,15000,Platform Professional
00k4x0000169veoAAA,0064x00000JMWV8AAP,24000,1,24000,Platform Enterprise
00k4x0000169zoQAAQ,0064x00000JMpi0AAD,16500,1,16500,Platform Basic
00k4x000016A2IBAA0,0064x00000EeIEWAA3,20000,1,20000,Platform Professional
00k4x000016A7CWAA0,0064x00000DAN23AAH,72000,1,72000,Platform Enterprise
00k4x000016A7CbAAK,0064x00000DAN23AAH,13000,1,13000,Platform Enterprise
00k4x000016A9juAAC,0064x00000GSJXDAA5,22237.81,1,22237.81,Platform Enterprise
00k4x000016Aje5AAC,0064x00000JwkRXAAZ,0,1,0,Platform Basic
00k4x000016AjeAAAS,0064x00000JwkRXAAZ,24000,1,24000,Platform Basic
00k4x000016AvzeAAC,0064x00000JM36EAAT,6000,1,6000,Platform Basic
00k4x000016DKSYAA4,0064x00000K9lHHAAZ,10000,1,10000,Platform Basic
00k4x000016DKSnAAO,0064x00000GTXh8AAH,12000,1,12000,Platform Basic
00k4x000016DMkiAAG,0064x00000C46DzAAJ,110400,1,110400,Platform Enterprise
00k4x000016DyntAAC,0064x00000D7APNAA3,73000,1,73000,Platform Enterprise
00k4x000016E5ECAA0,0064x00000CYxXsAAL,60078,1,60078,Platform Enterprise
00k4x000016E75LAAS,0064x00000DTwspAAD,66000,1,66000,Platform Enterprise
00k4x000016ELXlAAO,0064x00000JybzEAAR,15000,1,15000,Platform Professional
00k4x000016EOiFAAW,0064x00000JxNrlAAF,10000,1,10000,Platform Basic
00k4x000016EUx4AAG,0064x00000KCOdeAAH,0,1,0,Pilot
00k4x000016FA8hAAG,0064x00000DTrxEAAT,65000,1,65000,Platform Enterprise
00k4x000016FHzRAAW,0064x00000CVRLyAAP,107100,1,107100,Platform Enterprise
00k4x000016FekTAAS,0064x00000D7UL6AAN,116200,1,116200,Platform Enterprise
00k4x000016FjpSAAS,0064x00000CYxXsAAL,0,1,0,Pilot
00k4x000016fNBdAAM,0064x00000GUCzaAAH,0,1,0,Pilot
00k4x000016fSbBAAU,0064x00000JxvL3AAJ,16500,1,16500,Platform Basic
00k4x000016fTDYAA2,0064x00000JzmzpAAB,10000,1,10000,Platform Basic
00k4x000016fXhNAAU,0064x00000JzrKHAAZ,10000,1,10000,Platform Basic
00k4x000016y5q0AAA,0064x00000MObBiAAL,22000,1,22000,Platform Enterprise
00k4x000016y5tCAAQ,0064x00000I6ukMAAR,180000,1,180000,Platform Enterprise
00k4x000016yA9NAAU,0064x00000NqbYpAAJ,215000,1,215000,Other
00k4x000016yJTsAAM,0064x00000LVsWeAAL,0,1,0,Pilot
00k4x000016yJWjAAM,0064x00000DrScmAAF,166800,1,166800,Platform Enterprise
00k4x000016yJaXAAU,0064x00000ErxMqAAJ,65000,1,65000,Platform Enterprise
00k4x000016yKaAAAU,0064x000008om9LAAQ,406850,1,406850,Platform Enterprise
00k4x000016yXEdAAM,0064x00000EIHUCAA5,142800,1,142800,Platform Enterprise
00k4x000016ylvaAAA,0064x00000EJKi9AAH,10000,1,10000,Pilot
00k4x000016yr8LAAQ,0064x00000OlxJoAAJ,7950,1,7950,Platform Basic
00k4x000016yrMBAAY,0064x00000CXT9TAAX,5000,1,5000,Pilot
00k4x000016z2JzAAI,0064x00000On7tmAAB,172200,1,172200,Platform Enterprise
00k4x000016z2JuAAI,0064x00000On3DoAAJ,172200,1,172200,Platform Enterprise
00k4x000016z2KkAAI,0064x00000On7rrAAB,172200,1,172200,Platform Enterprise
00k4x000016z4M1AAI,0064x00000GTLOIAA5,39584,1,39584,Platform Enterprise
00k4x000016z9B2AAI,0064x00000EvqvvAAB,12000,1,12000,Platform Basic
00k4x000016zKvnAAE,0064x00000PMRoEAAX,4499.99934247,1,4499.99934247,Pilot
00k4x000016zQpgAAE,0064x00000OluN0AAJ,10000,1,10000,Platform Basic
00k4x000016zTvIAAU,0064x00000PNWsVAAX,406850,1,406850,Platform Enterprise
00k4x000016zfEVAAY,0064x00000GSiSYAA1,142800,1,142800,Platform Enterprise
00k4x000016zv6eAAA,0064x00000PjyYyAAJ,2000,1,2000,Pilot
00k4x000017DOngAAG,0064x00000L3pbfAAB,0,1,0,Pilot
00k4x000017DpKlAAK,0064x00000L5bskAAB,0,1,0,Pilot
00k4x000017EIwAAAW,0064x00000CYeiyAAD,6000,1,6000,Platform Basic
00k4x000017EJVRAA4,0064x00000LVh3sAAD,0,1,0,Pilot
00k4x000017EMwNAAW,0064x00000DTw1BAAT,72000,1,72000,Platform Enterprise
00k4x000017EPEVAA4,0064x00000JO6qcAAD,6900,1,6900,Pilot
00k4x000017EUUZAA4,0064x00000JNjutAAD,0,1,0,Pilot
00k4x000017EalIAAS,0064x00000JMeY1AAL,2000,1,2000,Pilot
00k4x000017Eb0qAAC,0064x00000LW44VAAT,350000,1,350000,Platform Enterprise
00k4x000017EpubAAC,0064x00000LY3KzAAL,350000,1,350000,Platform Enterprise
00k4x000017Epz7AAC,0064x00000CmSSSAA3,10000,1,10000,Platform Basic
00k4x000017EqJUAA0,0064x00000EtfRRAAZ,142800,1,142800,Platform Enterprise
00k4x000017EqfnAAC,0064x00000LY5nhAAD,0,1,0,Pilot
00k4x000017FCAhAAO,0064x00000LYReLAAX,0,1,0,Pilot
00k4x000017FFHmAAO,0064x00000Ef02tAAB,36000,1,36000,Other
00k4x000017FxHCAA0,0064x00000M8bmUAAR,29000,1,29000,Platform Professional
00k4x000017G2ehAAC,0064x00000M9nXGAAZ,0,1,0,Pilot
00k4x000017FxHHAA0,0064x00000M8bmUAAR,1000,1,1000,Pilot
00k4x000017G3AnAAK,0064x00000M9pMaAAJ,0,1,0,Pilot
00k4x000017G9u1AAC,0064x00000DSQx5AAH,155000,1,155000,Platform Enterprise
00k4x000017GLWQAA4,0064x00000DS9WcAAL,80000,1,80000,Platform Enterprise
00k4x000017GEXgAAO,0064x00000D7ruUAAR,75000,1,75000,Platform Enterprise
00k4x000017GLWaAAO,0064x00000DS9WcAAL,30000,1,30000,Other
00k4x000017GRAoAAO,0064x00000KD1KsAAL,9999.995,1,9999.995,Platform Basic
00k4x000017GZDAAA4,0064x00000DTUjhAAH,158000,1,158000,Platform Enterprise
00k4x000017GRceAAG,0064x00000L5NmSAAV,11000,1,11000,Pilot
00k4x000017GaJlAAK,0064x00000MWyKNAA1,0,1,0,Pilot
00k4x000017GathAAC,0064x00000MWnsQAAT,0,1,0,Pilot
00k4x000017GmcbAAC,0064x00000MWZmMAAX,0,1,0,Pilot
00k4x00001816EoAAI,0064x00000Co5IdAAJ,150000,1,150000,Platform Enterprise
00k4x0000181Cb8AAE,0064x000007JJ3sAAG,84000,1,84000,Platform Enterprise
00k4x0000181N62AAE,0064x00000C44ucAAB,96000,1,96000,Other
00k4x0000181N67AAE,0064x00000C44ucAAB,3750,1,3750,Other
00k4x0000181PFkAAM,0064x00000EtEatAAF,144000,1,144000,Platform Enterprise
00k4x0000181WCwAAM,0064x00000N1eTKAAZ,0,1,0,Pilot
00k4x0000181eVyAAI,0064x00000Eu2n4AAB,110000,1,110000,Platform Enterprise
00k4x0000181exYAAQ,0064x00000D7feoAAB,50000,1,50000,Platform Enterprise
00k4x0000181l30AAA,0064x00000N0vR9AAJ,115000,1,115000,Platform Enterprise
00k4x0000182FDmAAM,0064x00000N2pCXAAZ,10000,1,10000,Platform Professional
00k4x0000182HjTAAU,0064x00000EdElwAAF,8000,1,8000,Platform Basic
00k4x0000182I9qAAE,0064x00000Evg9ZAAR,75000,1,75000,Platform Enterprise
00k4x0000182IOPAA2,0064x00000Asq0hAAB,144000,1,144000,Platform Enterprise
00k4x0000182IOrAAM,0064x00000EJprEAAT,116760,1,116760,Platform Enterprise
00k4x0000182KsYAAU,0064x00000NbMtyAAF,0,1,0,Pilot
00k4x0000182fC0AAI,0064x00000EGdVDAA1,12500,1,12500,Platform Basic
00k4x0000182kYnAAI,0064x00000N1PMdAAN,10000,1,10000,Platform Basic
00k4x0000182lHnAAI,0064x00000NoNNrAAN,207000,1,207000,Platform Enterprise
00k4x0000182lJZAAY,0064x00000N2pzfAAB,207000,1,207000,Platform Enterprise
00k4x0000182lKuAAI,0064x00000EsGWpAAN,78000,1,78000,Platform Enterprise
00k4x0000182lKzAAI,0064x00000EsGWpAAN,36000,1,36000,Platform Enterprise
00k4x0000182vp1AAA,0064x00000MWx92AAD,0,1,0,Pilot
00k4x0000183AVhAAM,0064x00000LY4k5AAD,186000,1,186000,Platform Enterprise
00k4x000018qoQBAAY,0064x00000I4o3AAAR,96000,1,96000,Platform Enterprise
00k4x000018qtOuAAI,0064x00000NqaDWAAZ,0,1,0,Pilot
00k4x000018r3SYAAY,0064x00000N2moeAAB,0,1,0,Pilot
00k4x000018r46mAAA,0064x00000Ed8idAAB,12000,1,12000,Platform Basic
00k4x000018rKD8AAM,0064x00000PMq5VAAT,10000,1,10000,Other
00k4x000018rSYOAA2,0064x00000QMgdrAAD,20000,1,20000,Platform Professional
00k4x000018rSZYAA2,0064x00000QKPfuAAH,20000,1,20000,Platform Professional
00k4x000018y7dkAAA,0064x00000PwP8kAAF,39584,1,39584,Platform Enterprise
00k4x000018rVeoAAE,0064x00000QLlTvAAL,0,1,0,Pilot
00k4x000018y7dpAAA,0064x00000PwNcIAAV,39584,1,39584,Platform Enterprise
00k4x000018yAk4AAE,0064x00000NekHqAAJ,14584,1,14584,Platform Enterprise
00k4x000018yCDsAAM,0064x00000PMb4rAAD,5000,1,5000,Pilot
00k4x000018yCGbAAM,0064x00000Pwu6VAAR,5000,1,5000,Pilot
00k4x000018yQMDAA2,0064x00000OoHW9AAN,0,1.5,0,Pilot
00k4x000018yQMIAA2,0064x00000OoHW9AAN,0,1.5,0,Pilot
00k4x00000nUmgWAAS,0064x00000D7spkAAB,24000,1,24000,Platform Professional
00k4x00000nUmkqAAC,0064x00000DTXuBAAX,52800,1,52800,Platform Professional
00k4x00000nUmlUAAS,0064x00000DVHohAAH,24000,1,24000,Platform Professional
00k4x00000nVOrNAAW,0064x00000C3AyeAAF,66000,1,66000,Platform Professional
00k4x00000nVP5FAAW,0064x00000DUAaXAAX,106800,1,106800,Platform Professional
00k4x00000nVTTEAA4,0064x00000DsecYAAR,39600,1,39600,Platform Professional
00k4x00000nyI50AAE,0064x000009OkCbAAK,36000,1,36000,Platform Professional
00k4x00000nyk7qAAA,0064x00000D907rAAB,35640,1,35640,Platform Professional
00k4x00000nycgKAAQ,0064x00000Et1qaAAB,39600,1,39600,Platform Professional
00k4x00000nykUkAAI,0064x00000Fn5v3AAB,22000,1,22000,Platform Professional
00k4x00000nymZHAAY,0064x00000EeGcbAAF,36000,1,36000,Platform Professional
00k4x00000nyn4VAAQ,0064x000007Ki2XAAS,88722.8,1,88722.8,Platform Professional
00k4x00000oK101AAC,0064x00000DTxXyAAL,18000,1,18000,Platform Professional
00k4x00000nypRWAAY,0064x00000FkqdUAAR,24000,1,24000,Platform Professional
00k4x00000oKXpRAAW,0064x00000DreIVAAZ,44000,1,44000,Platform Professional
00k4x00000oKvKxAAK,0064x00000D7BrDAAV,24000,1,24000,Platform Professional
00k4x00000oKpuqAAC,0064x00000DAPBqAAP,69420,1,69420,Platform Professional
00k4x00000oL8K3AAK,0064x00000Dqz0bAAB,64800,1,64800,Platform Professional
00k4x00000oLB6BAAW,0064x00000EHDr5AAH,24000,1,24000,Platform Professional
00k4x00000oLa04AAC,0064x00000DSfxCAAT,64800,1,64800,Platform Professional
00k4x00000oLLecAAG,0064x00000Dv1elAAB,24000,1,24000,Platform Professional
00k4x00000oLbsDAAS,0064x00000EHUTQAA5,24750,1,24750,Platform Professional
00k4x00000oLcjAAAS,0064x00000EIefpAAD,39600,1,39600,Platform Professional
00k4x00000oLdjpAAC,0064x00000EJEJTAA5,10000,1,10000,Platform Professional
00k4x00000oLddjAAC,0064x00000DsdRJAAZ,24000,1,24000,Platform Professional
00k4x00000oLj0tAAC,0064x00000CnjsCAAR,48400,1,48400,Platform Professional
00k4x00000oLj1IAAS,0064x00000EJ5n7AAD,15000,1,15000,Platform Professional
00k4x00000oLvdZAAS,0064x00000DuAvdAAF,20000,1,20000,Platform Professional
00k4x00000oLj6WAAS,0064x00000DUocjAAD,64800,1,64800,Platform Professional
00k4x00000oLzkXAAS,0064x00000EHkslAAD,22000,1,22000,Platform Professional
00k4x00000oMRGcAAO,0064x00000CYWQOAA5,52800,1,52800,Platform Professional
00k4x00000oN0TJAA0,0064x00000EJJYbAAP,22000,1,22000,Platform Professional
00k4x00000oNI3iAAG,0064x00000EK75uAAD,5280,1,5280,Platform Professional
00k4x00000oNSLGAA4,0064x00000EIm2fAAD,39600,1,39600,Platform Professional
00k4x00000oNUlvAAG,0064x00000EsVunAAF,18000,1,18000,Platform Professional
00k4x00000oNlWlAAK,0064x00000EJLCBAA5,24000,1,24000,Platform Professional
00k4x00000oNslUAAS,0064x00000EtHP8AAN,4000,1,4000,Platform Professional
00k4x00000oO0INAA0,0064x00000Dsv24AAB,18000,1,18000,Platform Professional
00k4x00000ob3tRAAQ,0064x000009PwmkAAC,36000,1,36000,Platform Professional
00k4x00000obp8kAAA,0064x00000EGP2HAAX,75000,1,75000,Platform Professional
00k4x00000obsXpAAI,0064x00000Euy3rAAB,18000,1,18000,Platform Professional
00k4x00000ocB2OAAU,0064x00000EvXiKAAV,22000,1,22000,Platform Professional
00k4x00000ocEh5AAE,0064x000007LZJeAAO,18000,1,18000,Platform Professional
00k4x00000ockO0AAI,0064x00000DsdDRAAZ,24000,1,24000,Platform Professional
00k4x00000ocx3fAAA,0064x000008pmP4AAI,30000,1,30000,Platform Professional
00k4x00000oe33hAAA,0064x000008mi3DAAQ,31500,1,31500,Platform Professional
00k4x00000oe3RvAAI,0064x00000Fmc3jAAB,12000,1,12000,Platform Professional
00k4x00000oe3XXAAY,0064x00000FmIO3AAN,25000,1,25000,Platform Professional
00k4x00000oec1QAAQ,0064x000007K4LMAA0,20000,1,20000,Platform Professional
00k4x00000rB675AAC,0064x00000GRdTdAAL,64800,1,64800,Platform Professional
00k4x00000sK7FPAA0,0064x00000DuAeNAAV,39600,1,39600,Platform Professional
00k4x00000sK7HkAAK,0064x00000DSD2yAAH,106800,1,106800,Platform Professional
00k4x00000sKPu2AAG,0064x00000ACsTQAA1,60000,1,60000,Platform Professional
00k4x00000tdpPGAAY,0064x00000Ed7OwAAJ,22000,1,22000,Platform Professional
00k4x00000tePnBAAU,0064x00000D7CadAAF,39600,1,39600,Platform Professional
00k4x00000v2Z1tAAE,0064x00000AF01kAAD,36000,1,36000,Platform Professional
00k4x00000v3iy0AAA,0064x00000FmiGvAAJ,20000,1,20000,Platform Professional
00k4x00000w7H91AAE,0064x00000AEi1dAAD,39600,1,39600,Platform Professional
00k4x00000w8StYAAU,0064x00000DVGFVAA5,39600,1,39600,Platform Professional
00k4x00000w8SuCAAU,0064x00000EdbpMAAR,24000,1,24000,Platform Professional
00k4x00000zRYwsAAG,0064x00000FmjEgAAJ,38400,1,38400,Platform Professional
00k4x0000140WkCAAU,0064x00000AEsBAAA1,36000,1,36000,Platform Professional
00k4x00001554cPAAQ,0064x00000AUT2nAAH,41800,1,41800,Platform Professional
00k4x00001555SFAAY,0064x00000Etj2FAAR,24000,1,24000,Platform Professional
00k4x00001569OZAAY,0064x00000GTCwCAAX,15000,1,15000,Platform Professional
00k4x00001569atAAA,0064x000009kjK6AAI,24000,1,24000,Platform Professional
00k4x0000156O6QAAU,0064x00000I3OgfAAF,64800,1,64800,Platform Professional
00k4x000015drC8AAI,0064x00000DAbsFAAT,32000,1,32000,Platform Professional
00k4x000015dt7GAAQ,0064x00000KDAoWAAX,19000,1,19000,Platform Professional
00k4x000015dt7LAAQ,0064x00000KDAoWAAX,1000,1,1000,Platform Professional
00k4x000015dtQ1AAI,0064x00000LpBuKAAV,36000,1,36000,Platform Professional
00k4x000015dtQnAAI,0064x00000LpBwfAAF,45000,1,45000,Platform Professional
00k4x000015dtRWAAY,0064x00000LpC11AAF,15000,1,15000,Platform Professional
00k4x000015dwwbAAA,0064x00000MWaj4AAD,19000,1,19000,Platform Professional
00k4x000015dzS5AAI,0064x00000CpwQCAAZ,72000,1,72000,Platform Professional
00k4x000015dzc7AAA,0064x00000BqzhdAAB,75000,1,75000,Platform Professional
00k4x000015e028AAA,0064x00000Es7QHAAZ,48400,1,48400,Platform Professional
00k4x0000167mNOAAY,0064x00000AEGB5AAP,15000,1,15000,Platform Professional
00k4x0000168AZEAA2,0064x00000AUyI7AAL,36060,1,36060,Platform Professional
00k4x0000168B7LAAU,0064x00000AsPH9AAN,36000,1,36000,Platform Professional
00k4x0000168BXgAAM,0064x000009miRNAAY,21600,1,21600,Platform Professional
00k4x0000168jvBAAQ,0064x00000ACNycAAH,10000,1,10000,Platform Professional
00k4x0000168o9wAAA,0064x00000GQrTWAA1,39600,1,39600,Platform Professional
00k4x00001698IyAAI,0064x00000C4OVjAAN,8000,1,8000,Platform Professional
00k4x0000168wYOAAY,0064x00000DSAiSAAX,52800,1,52800,Platform Professional
00k4x00001698vwAAA,0064x00000C4fbtAAB,69300,1,69300,Platform Professional
00k4x0000169HTRAA2,0064x00000EI0kMAAT,34000,1,34000,Platform Professional
00k4x0000169H5JAAU,0064x00000C52oYAAR,48000,1,48000,Platform Professional
00k4x0000169I47AAE,0064x00000JLvDtAAL,39600,1,39600,Platform Professional
00k4x0000169IDVAA2,0064x00000I5No9AAF,15000,1,15000,Platform Professional
00k4x0000169QsFAAU,0064x00000DSpm6AAD,65000,1,65000,Platform Professional
00k4x0000169OTuAAM,0064x00000I6ZffAAF,39600,1,39600,Platform Professional
00k4x0000169a93AAA,0064x00000DrReNAAV,24000,1,24000,Platform Professional
00k4x0000169eS8AAI,0064x00000JNxlmAAD,34000,1,34000,Platform Professional
00k4x0000169h88AAA,0064x00000C4grzAAB,26000,1,26000,Platform Professional
00k4x0000169fibAAA,0064x00000JNZ3YAAX,52800,1,52800,Platform Professional
00k4x0000169hEUAAY,0064x00000EeHgoAAF,118800,1,118800,Platform Professional
00k4x0000169ox6AAA,0064x00000JO55CAAT,39600,1,39600,Platform Professional
00k4x000016A9sGAAS,0064x00000Cn4A2AAJ,74130,1,74130,Platform Professional
00k4x0000169skbAAA,0064x00000AX2lEAAT,39600,1,39600,Platform Professional
00k4x000016AllOAAS,0064x00000JMAtaAAH,12000,1,12000,Platform Professional
00k4x000016Axk5AAC,0064x000002C0JEAA0,12000,1,12000,Platform Professional
00k4x000016EDqjAAG,0064x00000Jxsh6AAB,29418.37,1,29418.37,Platform Professional
00k4x000016DfBuAAK,0064x00000CYTeIAAX,18000,1,18000,Platform Professional
00k4x000016EMVGAA4,0064x00000JwmjmAAB,105000,1,105000,Platform Professional
00k4x000016EhVBAA0,0064x00000C3R9BAAV,28000,1,28000,Platform Professional
00k4x000016Ev6aAAC,0064x00000I6mwHAAR,45000,1,45000,Platform Professional
00k4x000016FjCYAA0,0064x00000KCktTAAT,39600,1,39600,Platform Professional
00k4x000016FjkSAAS,0064x00000CnNpsAAF,24000,1,24000,Platform Professional
00k4x000016fZICAA2,0064x00000Jwwh6AAB,10000,1,10000,Platform Professional
00k4x000016fmKhAAI,0064x00000ACWcoAAH,7000,1,7000,Platform Professional
00k4x000016fsMWAAY,0064x00000Jxm0XAAR,24000,1,24000,Platform Professional
00k4x000016gX9cAAE,0064x00000K0GMqAAN,64800,1,64800,Platform Professional
00k4x000016yGuoAAE,0064x00000L1jcSAAR,18000,1,18000,Platform Professional
00k4x000016ylnBAAQ,0064x00000MR64SAAT,14999.99583333,1,14999.99583333,Platform Professional
00k4x000016yTrOAAU,0064x00000MPF4JAAX,18000,1,18000,Platform Professional
00k4x000016yrMGAAY,0064x00000CXT9TAAX,83000,1,83000,Platform Professional
00k4x000016z4wxAAA,0064x00000OnHI5AAN,19000,1,19000,Platform Professional
00k4x000016z6HAAAY,0064x00000Np9B6AAJ,14250,1,14250,Platform Professional
00k4x000016z8CxAAI,0064x00000JNbcbAAD,19000,1,19000,Platform Professional
00k4x000016zB3nAAE,0064x00000N3FfNAAV,10000,1,10000,Platform Professional
00k4x000016zOWrAAM,0064x00000N0UzYAAV,25020,1,25020,Platform Professional
00k4x000016zBeeAAE,0064x00000M9dBpAAJ,26600,1,26600,Platform Professional
00k4x000016zTbtAAE,0064x00000MWwcNAAT,63750,1,63750,Platform Professional
00k4x000016zTmTAAU,0064x00000PNFAYAA5,10647,1,10647,Platform Professional
00k4x000016zdMjAAI,0064x00000FmJIVAA3,30000,1,30000,Platform Professional
00k4x000016zfiJAAQ,0064x00000C52oYAAR,8400,1,8400,Platform Professional
00k4x000016zfk0AAA,0064x00000EGP2HAAX,0,1,0,Platform Professional
00k4x000016zg8MAAQ,0064x00000PbVfUAAV,1500,1,1500,Platform Professional
00k4x000016zlVWAAY,0064x00000NonuTAAR,9500,1,9500,Platform Professional
00k4x000016zuytAAA,0064x00000PbNlwAAF,19000,1,19000,Platform Professional
00k4x00001700UaAAI,0064x00000JLMnIAAX,64800,1,64800,Platform Professional
00k4x000017CpwFAAS,0064x00000DTFabAAH,48000,1,48000,Platform Professional
00k4x00001700fsAAA,0064x00000GTNwlAAH,35640,1,35640,Platform Professional
00k4x000017DLbsAAG,0064x000009mWEEAA2,60000,1,60000,Platform Professional
00k4x000017DOUIAA4,0064x00000CXopiAAD,27000,1,27000,Platform Professional
00k4x000017Df0qAAC,0064x00000DtHtrAAF,1000,1,1000,Platform Professional
00k4x000017Df0lAAC,0064x00000DtHtrAAF,28500,1,28500,Platform Professional
00k4x000017EnF3AAK,0064x00000L50czAAB,97200,1,97200,Platform Professional
00k4x000017EpucAAC,0064x00000LY3L1AAL,1300000,1,1300000,Professional Services
00k4x000017EqZJAA0,0064x00000LVB50AAH,64800,1,64800,Platform Professional
00k4x000017Eq7jAAC,0064x00000JzfE9AAJ,60000,1,60000,Platform Professional
00k4x000017FVyFAAW,0064x00000DTVkdAAH,25000,1,25000,Platform Professional
00k4x000017FYgxAAG,0064x00000M7megAAB,36000,1,36000,Platform Professional
00k4x000017FaN3AAK,0064x00000I62M7AAJ,225000,1,225000,Platform Professional
00k4x000017FeviAAC,0064x00000LYEaeAAH,24000,1,24000,Platform Professional
00k4x000017FrSlAAK,0064x00000DuAIqAAN,48000,1,48000,Platform Professional
00k4x000017FxPAAA0,0064x00000I6qYvAAJ,15000,1,15000,Platform Professional
00k4x000017GEYyAAO,0064x00000EK6H6AAL,20000,1,20000,Platform Professional
00k4x000017G0uZAAS,0064x00000M7k65AAB,15000,1,15000,Platform Professional
00k4x000017GIYSAA4,0064x00000DrRwgAAF,43500,1,43500,Platform Professional
00k4x000017GIdUAAW,0064x00000LY1AwAAL,19000,1,19000,Platform Professional
00k4x000017GT3CAAW,0064x00000EJs9WAAT,23750,1,23750,Platform Professional
00k4x000017GKurAAG,0064x00000ErzMkAAJ,16000,1,16000,Platform Professional
00k4x000017GT4PAAW,0064x00000Dtm67AAB,20400,1,20400,Platform Professional
00k4x000017GTThAAO,0064x00000LZ87yAAD,28000,1,28000,Platform Professional
00k4x000017GZXwAAO,0064x00000GQrm4AAD,12000,1,12000,Platform Professional
00k4x000017GX0FAAW,0064x000009kI24AAE,83000,1,83000,Platform Professional
00k4x000017Gi80AAC,0064x00000EsrW3AAJ,24000,1,24000,Platform Professional
00k4x0000181VRhAAM,0064x00000EdpDhAAJ,39600,1,39600,Platform Professional
00k4x0000181VkpAAE,0064x00000LWWKaAAP,28250,1,28250,Platform Professional
00k4x0000181c3OAAQ,0064x00000EvgXRAAZ,23000,1,23000,Platform Professional
00k4x0000181dzaAAA,0064x00000M9BrsAAF,60000,1,60000,Platform Professional
00k4x0000181e46AAA,0064x00000EvY1jAAF,18000,1,18000,Platform Professional
00k4x0000181fOcAAI,0064x00000N2GWPAA3,25000,1,25000,Platform Professional
00k4x0000181fS3AAI,0064x00000N2Gl0AAF,25000,1,25000,Platform Professional
00k4x0000181kNNAAY,0064x00000N2b9yAAB,34500,1,34500,Platform Professional
00k4x0000181klSAAQ,0064x00000Ds0VSAAZ,24000,1,24000,Platform Professional
00k4x0000182Es8AAE,0064x00000N3NsaAAF,9800,1,9800,Platform Professional
00k4x0000182FGFAA2,0064x00000EvaWUAAZ,67500,1,67500,Platform Professional
00k4x0000182KsdAAE,0064x00000NbMtyAAF,15000,1,15000,Platform Professional
00k4x0000182L8EAAU,0064x00000EsRzFAAV,19000,1,19000,Platform Professional
00k4x0000182Wz3AAE,0064x00000Nb9SxAAJ,8000,1,8000,Platform Professional
00k4x0000182WytAAE,0064x00000MXkLHAA1,18000,1,18000,Platform Professional
00k4x0000182YnsAAE,0064x00000GQUyTAAX,20000,1,20000,Platform Professional
00k4x0000182dKRAAY,0064x00000JNiSUAA1,22500,1,22500,Platform Professional
00k4x0000182nxPAAQ,0064x00000GRtzSAAT,15000,1,15000,Platform Professional
00k4x0000182qiHAAQ,0064x00000LXFlLAAX,16000,1,16000,Platform Professional
00k4x0000183DaIAAU,0064x00000NekezAAB,9500,1,9500,Platform Professional
00k4x000018qmOvAAI,0064x00000PkXEoAAN,75000,1,75000,Platform Professional
00k4x000018qmP0AAI,0064x00000PkXEoAAN,6500,1,6500,Professional Services
00k4x000018qtW2AAI,0064x00000JKziPAAT,36060,1,36060,Platform Professional
00k4x000018rKD7AAM,0064x00000PMq5VAAT,16000,1,16000,Professional Services
00k4x000018xrEJAAY,0064x00000PuZB9AAN,18000,1,18000,Platform Professional
00k4x000018xn8UAAQ,0064x00000DspquAAB,5000,1,5000,Platform Professional
00k4x000018xrEOAAY,0064x00000PuYqbAAF,18000,1,18000,Platform Professional
00k4x000018xyzYAAQ,0064x00000I4DqEAAV,29000,1,29000,Platform Professional
00k4x000018y7dLAAQ,0064x00000GTLOIAA5,-14584,1,-14584,Platform Professional
00k4x000018yCG2AAM,0064x00000PMb4rAAD,29000,1,29000,Platform Professional
00k4x000018yCG7AAM,0064x00000PMb4rAAD,2500,1,2500,Professional Services
00k4x000018rbv6AAA,0064x00000JKziPAAT,1200,1,1200,Platform Professional
00k4x000018rcE9AAI,0064x00000Pwk9uAAB,0,1,0,Pilot
00k4x000018rcEEAAY,0064x00000Pwk9uAAB,20000,1,20000,Platform Professional
00k4x000018rfYxAAI,0064x00000LZ43vAAD,125100,1,125100,Platform Enterprise
00k4x000018rfZ2AAI,0064x00000LZ43vAAD,0,1,0,Customer Support
00k4x000018rwPsAAI,0064x00000JxPi1AAF,36000,1,36000,Platform Professional
00k4x000018rwPxAAI,0064x00000JxPi1AAF,5400,1,5400,Customer Support
00k4x000018ySunAAE,0064x00000I4Jt5AAF,20000,1,20000,Platform Professional
00k4x000018riAAAAY,0064x00000GQcSFAA1,6000,1,6000,Platform Basic
00kQk0000002vbrIAA,006Qk000000RHMYIA4,5000,1,5000,Pilot
00kQk0000004AgjIAE,0064x00000GTOdzAAH,36000,1,36000,Platform Professional
00kQk000000Bd4UIAS,006Qk000000hRY5IAM,0,1,0,Pilot
00kQk000000ByvJIAS,006Qk000000hrfNIAQ,12000,1,12000,Platform Professional
00kQk000000ByyXIAS,006Qk000000hrfNIAQ,0,1,0,Customer Support
00kQk000000DJhZIAW,0064x00000JOcxsAAD,24000,1,24000,Platform Professional
00kQk000000DJmPIAW,0064x00000JOcxsAAD,3600,1,3600,Customer Support
00kQk000000Df0aIAC,006Qk000000iPCSIA2,10500,1,10500,Tonic Cloud
00kQk000000HsgkIAC,006Qk000000rWPzIAM,10000,1,10000,Professional Services
00kQk000000IHIeIAO,006Qk000000rpR4IAI,36000,1,36000,Platform Professional
00kQk000000L03dIAC,0064x00000Ee0JdAAJ,0,1,0,Pilot
00k4x000018renhAAA,0064x00000PkGHLAA3,12500,1,12500,Platform Professional
00k4x000018renmAAA,0064x00000PkGHLAA3,0,1,0,Pilot
00kQk000000KviAIAS,006Qk000000s6V3IAI,19000,1,19000,Platform Professional
00kQk000000O8HNIA0,0064x00000Jzyz6AAB,8000,1,8000,Platform Professional
00kQk000000O8MDIA0,0064x00000Jzyz6AAB,0,1,0,Customer Support
00kQk000000O8NpIAK,0064x00000Jzyz6AAB,8000,1,8000,Platform Professional
00kQk000000O3wjIAC,0064x00000Jzyz6AAB,0,1,0,Customer Support
00kQk0000002FSnIAM,0064x00000Fn7Z7AAJ,146000,1,146000,Platform Enterprise
00kQk0000002B9ZIAU,0064x00000Fn7Z7AAJ,12600,1,12600,Customer Support
00kQk000000PvRJIA0,006Qk0000013E99IAE,12600,1,12600,Customer Support
00kQk000000PvRKIA0,006Qk0000013E99IAE,166000,1,166000,Platform Enterprise
00kQk000000Psv6IAC,0064x00000JL0o3AAD,23760,1,23760,Platform Professional
00k4x000018r934AAA,0064x00000N22FKAAZ,0,1,0,Pilot
00k4x000018r939AAA,0064x00000N22FKAAZ,38000,1,38000,Platform Professional
00k4x000018r91DAAQ,0064x00000N22FKAAZ,5700,1,5700,Customer Support
00kQk000000MV6nIAG,0064x00000JKtHxAAL,45675,1,45675,Platform Enterprise
00kQk000000RLl7IAG,0064x00000JKtHxAAL,55266.75,1,55266.75,Platform Enterprise
00kQk000000RFxUIAW,0064x00000JKtHxAAL,0,1,0,Customer Support
00kQk000000MR83IAG,0064x00000JKtHxAAL,50242.5,1,50242.5,Platform Enterprise
00kQk000000MV8PIAW,0064x00000JKtHxAAL,0,1,0,Customer Support
00kQk000000MVA1IAO,0064x00000JKtHxAAL,0,1,0,Customer Support
00kQk000000RqXCIA0,006Qk0000015V7SIAU,26136,1,26136,Platform Professional
00kQk000000S7xpIAC,0064x00000MWIOrAAP,66000,1,66000,Platform Professional
00kQk000000S7zRIAS,0064x00000MWIOrAAP,0,1,0,Customer Support
00kQk000000UsEHIA0,0064x00000GTTw3AAH,24000,1,24000,Platform Professional
00kQk000000UsEIIA0,0064x00000GTTw3AAH,3600,1,3600,Customer Support
00kQk000000Ds7eIAC,0064x00000OnJtvAAF,0,1,0,Pilot
00kQk000000UvTwIAK,0064x00000OnJtvAAF,15000,1,15000,Tonic Cloud
00k4x000018rSbGAAU,0064x00000JyZIhAAN,39600,1,39600,Platform Professional
00kQk000000XMvaIAG,0064x00000LXttCAAT,0,1,0,Pilot
00kQk000000YWK1IAO,0064x00000I4kkRAAR,197980,1,197980,Professional Services
00kQk000000ZSRFIA4,0064x00000LXttCAAT,83000,1,83000,Platform Professional
00kQk000000ZSRGIA4,0064x00000LXttCAAT,9995,1,9995,Platform Professional
00kQk000000ZSRHIA4,0064x00000LXttCAAT,12450,1,12450,Customer Support
00kQk000000ZRIcIAO,006Qk000000rcQZIAY,15000,1,15000,Platform Professional
00kQk000000SdUfIAK,006Qk0000016nFBIAY,25000,1,25000,Platform Professional
00kQk000000SWRbIAO,006Qk0000016nFBIAY,2000,1,2000,Pilot
00kQk000000Zuk9IAC,006Qk000001GvmaIAC,14000,1,14000,Tonic Cloud
00kQk000000ZuwzIAC,006Qk000001GvmaIAC,0,1,0,Pilot
00kQk00000026kTIAQ,0064x00000PYbgqAAD,0,1,0,Pilot
00kQk00000026m5IAA,0064x00000PYbgqAAD,72000,1,72000,Platform Professional
00kQk000000bBR8IAM,0064x00000PMs5KAAT,60000,1,60000,Platform Enterprise
00k4x000018rSiEAAU,0064x00000MAQJVAA5,75000,1,75000,Platform Professional
00k4x000018rSiFAAU,0064x00000MAQJVAA5,11250,1,11250,Customer Support
00kQk000000cnuCIAQ,0064x00000QMHsMAAX,42400,1,42400,Pilot
00kQk000000dwc1IAA,0064x00000GRaqgAAD,142800,1,142800,Platform Enterprise
00kQk000000dwddIAA,0064x00000GRaqgAAD,21420,1,21420,Customer Support
00kQk000000dwgrIAA,0064x00000GRaqgAAD,12500,1,12500,Professional Services
00kQk000000FBMXIA4,0064x00000QoMkPAAV,0,1,0,Pilot
00kQk000000FB1gIAG,0064x00000QoMkPAAV,20000,1,20000,Platform Professional
00kQk000000QHJlIAO,0064x00000I5chOAAR,71400,1,71400,Platform Enterprise
00kQk000000WhrTIAS,0064x00000I5chOAAR,0,1,0,Customer Support
00k4x000017FChdAAG,0064x00000LYReLAAX,148000,1,148000,Platform Enterprise
00kQk000000ftQLIAY,0064x00000I62rtAAB,72000,1,72000,Platform Enterprise
00kQk000000ftQMIAY,0064x00000I62rtAAB,0,1,0,Customer Support
00kQk000000gGd3IAE,0064x00000QBhjrAAD,5000,1,5000,Pilot
00k4x000018r2cTAAQ,0064x00000NqaDWAAZ,38000,1,38000,Platform Professional
00k4x000018r2cdAAA,0064x00000NqaDWAAZ,5700,1,5700,Customer Support
00k4x000018rt7qAAA,0064x00000EdcQ9AAJ,36000,1,36000,Platform Professional
00k4x000018rt80AAA,0064x00000EdcQ9AAJ,0,1,0,Customer Support
00kQk000000hbKUIAY,0064x00000PvalmAAB,165600,1,165600,Platform Enterprise
00kQk000000hZLwIAM,0064x00000PvalmAAB,6500,1,6500,Professional Services
00kQk000000iSFlIAM,0064x00000I5syDAAR,12000,1,12000,Platform Basic
00kQk0000003pivIAA,0064x00000JLzvMAAT,0,1,0,Customer Support
00kQk0000004wzuIAA,0064x00000JLzvMAAT,89712,1,89712,Platform Enterprise
00kQk0000005axKIAQ,0064x00000JzRUeAAN,53800,1,53800,Platform Professional
00kQk0000005w6cIAA,0064x00000QJcBeAAL,0,1,0,Pilot
00kQk0000005PFdIAM,0064x00000JzRUeAAN,0,1,0,Customer Support
00kQk00000060ADIAY,0064x00000QJcBeAAL,30000,1,30000,Platform Professional
00kQk000000j4fUIAQ,0064x00000QJcBeAAL,4500,1,4500,Customer Support
00kQk000000jX3yIAE,0064x00000JKu7FAAT,15000,1,15000,Platform Professional
00kQk000000jX9VIAU,0064x00000JKu7FAAT,27000,1,27000,Platform Professional
00kQk000000jXCjIAM,0064x00000JKu7FAAT,20000,1,20000,Platform Professional
00kQk000000jcqkIAA,006Qk000001J7BiIAK,99000,1,99000,Platform Enterprise
00kQk000000fS6nIAE,006Qk000001J7BiIAK,3125,1,3125,Pilot
00kQk000000jbQZIAY,006Qk000001J7BiIAK,14850,1,14850,Customer Support
00kQk000000fS8PIAU,006Qk000001J7BiIAK,12500,1,12500,Professional Services
00k4x000018rPNeAAM,0064x00000JOM5lAAH,55080,1,55080,Platform Professional
00kQk000000XqRFIA0,0064x00000JL9RlAAL,15000,1,15000,Platform Professional
00kQk000000ksGsIAI,006Qk000001WjRHIA0,20000,1,20000,Platform Professional
00kQk000000ku5fIAA,006Qk000001WrJxIAK,89712,1,89712,Platform Enterprise
00kQk000000ku5hIAA,006Qk000001WrJxIAK,0,1,0,Customer Support
00kQk000000Wvb3IAC,0064x00000NppPrAAJ,125000,1,125000,Platform Enterprise
00kQk000000kp6FIAQ,006Qk000001WiQMIA0,20000,1,20000,Platform Professional
00k4x0000169z48AAA,0064x00000C3BByAAN,36000,1,36000,Other
00k4x000016fZhxAAE,0064x00000C3BByAAN,183600,1,183600,Platform Enterprise
00k4x000018rKl2AAE,0064x00000Pc5D0AAJ,16000,1,16000,Platform Professional
00k4x000018rKpLAAU,0064x00000Pc5D0AAJ,0,1,0,Pilot
00kQk000000DVNmIAO,0064x00000QJoISAA1,17400,1,17400,Platform Professional
00kQk000000DYqHIAW,0064x00000QJoISAA1,2500,1,2500,Pilot
00kQk000000DW0XIAW,0064x00000QJoISAA1,2500,1,2500,Professional Services
00kQk0000006Mh2IAE,0064x00000JL8qVAAT,45000,1,45000,Platform Professional
00kQk0000006N5BIAU,0064x00000JL8qVAAT,60000,1,60000,Platform Professional
00kQk0000006IIUIA2,0064x00000JL8qVAAT,0,1,0,Customer Support
00kQk0000006N6nIAE,0064x00000JL8qVAAT,0,1,0,Customer Support
00kQk000000nWz3IAE,006Qk000001aZmgIAE,19000,1,19000,Platform Professional
00kQk000000lH8fIAE,0064x00000KAImBAAX,66000,1,66000,Platform Enterprise
00kQk000000lHAHIA2,0064x00000KAImBAAX,70000,1,70000,Platform Enterprise
00kQk000000lBMuIAM,0064x00000KAImBAAX,0,1,0,Customer Support
00kQk000000lHBtIAM,0064x00000KAImBAAX,0,1,0,Customer Support
00kQk000000pRUPIA2,0064x00000K9wbiAAB,85000,1,85000,Platform Enterprise
00kQk000000pRW1IAM,0064x00000K9wbiAAB,100000,1,100000,Platform Enterprise
00kQk000000pRHVIA2,0064x00000K9wbiAAB,85000,1,85000,Platform Enterprise
00kQk000000pRMLIA2,0064x00000K9wbiAAB,100000,1,100000,Platform Enterprise
